Name,detail,Price,Ranting,Num_Ranting
Конструктор LEGO Technic 42121 Тяжелый экскаватор,/product--konstruktor-lego-technic-42121-tiazhelyi-ekskavator/845398130?nid=59749&show-uid=16172653735944692425516001&context=search&glfilter=7893318%3A3732937&onstock=1&sku=845398130,2 599 ₽,5.0,3 отзыва
Конструктор LEGO Technic 42123 McLaren Senna GTR,/product--konstruktor-lego-technic-42123-mclaren-senna-gtr/786695001?nid=59749&show-uid=16172653735944692425516002&context=search&glfilter=7893318%3A3732937&onstock=1&sku=786695001,2 798 ₽,4.8,33 отзыва
Конструктор LEGO Minecraft 21168 Искажённый лес,/product--konstruktor-lego-minecraft-21168-iskazhennyi-les/845874031?nid=59749&show-uid=16172653735944692425516003&context=search&glfilter=7893318%3A3732937&onstock=1&sku=845874031,1 799 ₽,4.7,1 отзыв
Конструктор LEGO Technic 42095 Скоростной вездеход,/product--konstruktor-lego-technic-42095-skorostnoi-vezdekhod/312854998?nid=59749&show-uid=16172653735944692425516004&context=search&glfilter=7893318%3A3732937&onstock=1&sku=312854998,4 319 ₽,4.8,145 отзывов
Конструктор LEGO Star Wars 75299 Испытание на Татуине,/product--konstruktor-lego-star-wars-75299-ispytanie-na-tatuine/800874060?nid=59749&show-uid=16172653735944692425516005&context=search&glfilter=7893318%3A3732937&onstock=1&sku=800874060,1 819 ₽,4.6,6 отзывов
Конструктор LEGO Ninjago 71747 Деревня Хранителей,/product--konstruktor-lego-ninjago-71747-derevnia-khranitelei/845879000?nid=59749&show-uid=16172653735944692425516006&context=search&glfilter=7893318%3A3732937&onstock=1&sku=845879000,3 299 ₽,4.7,1 отзыв
Конструктор LEGO Star Wars 75301 Истребитель типа Х Люка Скайуокера,/product--konstruktor-lego-star-wars-75301-istrebitel-tipa-kh-liuka-skaiuokera/800876058?nid=59749&show-uid=16172653735944692425516007&context=search&glfilter=7893318%3A3732937&onstock=1&sku=800876058,3 099 ₽,4.8,4 отзыва
Конструктор LEGO Star Wars 75280 Клоны-пехотинцы 501-го легиона,/product--konstruktor-lego-star-wars-75280-klony-pekhotintsy-501-go-legiona/673576010?nid=59749&show-uid=16172653735944692425516008&context=search&glfilter=7893318%3A3732937&onstock=1&sku=673576010,2 079 ₽,4.8,21 отзыв
Конструктор LEGO Star Wars 75302 Имперский шаттл,/product--konstruktor-lego-star-wars-75302-imperskii-shattl/845265066?nid=59749&show-uid=16172653735944692425516009&context=search&glfilter=7893318%3A3732937&onstock=1&sku=845265066,5 499 ₽,5.0,1 отзыв
Конструктор LEGO City 60197 Пассажирский поезд,/product--konstruktor-lego-city-60197-passazhirskii-poezd/115604141?nid=59749&show-uid=16172653735944692425516010&context=search&glfilter=7893318%3A3732937&onstock=1&sku=115604141,6 699 ₽,4.8,75 отзывов
Конструктор LEGO Technic 42096 Порше 911 RSR,/product--konstruktor-lego-technic-42096-porshe-911-rsr/378743945?nid=59749&show-uid=16172653735944692425516011&context=search&glfilter=7893318%3A3732937&onstock=1&sku=378743945,8 586 ₽,4.8,38 отзывов
Конструктор LEGO Technic 42110 Land Rover Defender,/product--konstruktor-lego-technic-42110-land-rover-defender/560271037?nid=59749&show-uid=16172653735944692425516012&context=search&glfilter=7893318%3A3732937&onstock=1&sku=560271037,12 280 ₽,4.8,35 отзывов
Конструктор LEGO Ninjago 71745 Мотоцикл Ллойда для джунглей,/product--konstruktor-lego-ninjago-71745-mototsikl-lloida-dlia-dzhunglei/845868041?nid=59749&show-uid=16172653735944692425516013&context=search&glfilter=7893318%3A3732937&onstock=1&sku=845868041,1 199 ₽,5.0,2 отзыва
Конструктор LEGO Minecraft 21166 Заброшенная шахта,/product--konstruktor-lego-minecraft-21166-zabroshennaia-shakhta/764676009?nid=59749&show-uid=16172653735944692425516014&context=search&glfilter=7893318%3A3732937&onstock=1&sku=764676009,1 700 ₽,5.0,17 отзывов
Конструктор LEGO Minecraft 21169 Первое приключение,/product--konstruktor-lego-minecraft-21169-pervoe-prikliuchenie/845873023?nid=59749&show-uid=16172653735944692425516016&context=search&glfilter=7893318%3A3732937&onstock=1&sku=845873023,3 899 ₽,4.2,2 отзыва
Конструктор LEGO Technic 42107 Ducati Panigale V4 R,/product--konstruktor-lego-technic-42107-ducati-panigale-v4-r/663843012?nid=59749&show-uid=16172653735944692425516017&context=search&glfilter=7893318%3A3732937&onstock=1&sku=663843012,3 307 ₽,4.8,31 отзыв
Конструктор LEGO Technic 42120 Спасательное судно на воздушной подушке,/product--konstruktor-lego-technic-42120-spasatelnoe-sudno-na-vozdushnoi-podushke/845310095?nid=59749&show-uid=16172653735944692425516018&context=search&glfilter=7893318%3A3732937&onstock=1&sku=845310095,1 899 ₽,4.4,1 отзыв
Конструктор LEGO Ideas 21319 Кафе Друзей,/product--konstruktor-lego-ideas-21319-kafe-druzei/592368000?nid=59749&show-uid=16172653735944692425516019&context=search&glfilter=7893318%3A3732937&onstock=1&sku=592368000,5 300 ₽,4.9,10 отзывов
Конструктор LEGO Minecraft 21165 Пасека,/product--konstruktor-lego-minecraft-21165-paseka/764675007?nid=59749&show-uid=16172653735944692425516020&context=search&glfilter=7893318%3A3732937&onstock=1&sku=764675007,1 700 ₽,4.8,15 отзывов
Конструктор LEGO Minecraft 21167 Торговый пост,/product--konstruktor-lego-minecraft-21167-torgovyi-post/764678012?nid=59749&show-uid=16172653735944692425516021&context=search&glfilter=7893318%3A3732937&onstock=1&sku=764678012,1 700 ₽,4.8,13 отзывов
Конструктор LEGO City 60198 Грузовой поезд,/product--konstruktor-lego-city-60198-gruzovoi-poezd/115604146?nid=59749&show-uid=16172653735944692425516022&context=search&glfilter=7893318%3A3732937&onstock=1&sku=115604146,9 989 ₽,4.8,41 отзыв
Конструктор LEGO Technic 42111 Dodge Charger Доминика Торетто,/product--konstruktor-lego-technic-42111-dodge-charger-dominika-toretto/662541001?nid=59749&show-uid=16172653735944692425516023&context=search&glfilter=7893318%3A3732937&onstock=1&sku=662541001,6 899 ₽,4.8,23 отзыва
Конструктор LEGO Technic 42125 Ferrari 488 GTE AF Corse #51,/product--konstruktor-lego-technic-42125-ferrari-488-gte-af-corse-51/786697000?nid=59749&show-uid=16172653735944692425516024&context=search&glfilter=7893318%3A3732937&onstock=1&sku=786697000,11 379 ₽,4.8,3 отзыва
Конструктор LEGO Technic 42122 Jeep Wrangler,/product--konstruktor-lego-technic-42122-jeep-wrangler/786688001?nid=59749&show-uid=16172653735944692425516025&context=search&glfilter=7893318%3A3732937&onstock=1&sku=786688001,2 798 ₽,4.8,16 отзывов
Конструктор LEGO Technic 42093 Шевроле Корветт ZR1,/product--konstruktor-lego-technic-42093-shevrole-korvett-zr1/308375464?nid=59749&show-uid=16172653735944692425516026&context=search&glfilter=7893318%3A3732937&onstock=1&sku=308375464,2 851 ₽,4.7,47 отзывов
Конструктор LEGO Ninjago 71746 Дракон из джунглей,/product--konstruktor-lego-ninjago-71746-drakon-iz-dzhunglei/845867056?nid=59749&show-uid=16172653735944692425516027&context=search&glfilter=7893318%3A3732937&onstock=1&sku=845867056,2 499 ₽,4.0,1 отзыв
Конструктор LEGO Minecraft 21151 Последняя битва,/product--konstruktor-lego-minecraft-21151-posledniaia-bitva/332769028?nid=59749&show-uid=16172653735944692425516028&context=search&glfilter=7893318%3A3732937&onstock=1&sku=332769028,1 700 ₽,4.8,28 отзывов
Конструктор LEGO Boost 17101 Инструменты для творчества,/product--konstruktor-lego-boost-17101-instrumenty-dlia-tvorchestva/1733263952?nid=59749&show-uid=16172653735944692425516029&context=search&glfilter=7893318%3A3732937&onstock=1&sku=1733263952,8 134 ₽,4.7,61 отзыв
Конструктор LEGO Star Wars 75300 Имперский истребитель СИД,/product--konstruktor-lego-star-wars-75300-imperskii-istrebitel-sid/800870060?nid=59749&show-uid=16172653735944692425516030&context=search&glfilter=7893318%3A3732937&onstock=1&sku=800870060,2 599 ₽,5.0,10 отзывов
Конструктор LEGO Minecraft 21155 Шахта крипера,/product--konstruktor-lego-minecraft-21155-shakhta-kripera/498926179?nid=59749&show-uid=16172653735944692425516031&context=search&glfilter=7893318%3A3732937&onstock=1&sku=498926179,5 999 ₽,4.8,45 отзывов
Конструктор LEGO Disney Princess 43184 Райя и дракон Сису,/product--konstruktor-lego-disney-princess-43184-raiia-i-drakon-sisu/845115119?nid=59749&show-uid=16172653735944692425516032&context=search&glfilter=7893318%3A3732937&onstock=1&sku=845115119,1 899 ₽,5.0,1 отзыв
Конструктор LEGO Minecraft 21160 Патруль разбойников,/product--konstruktor-lego-minecraft-21160-patrul-razboinikov/649709120?nid=59749&show-uid=16172653735944692425516033&context=search&glfilter=7893318%3A3732937&onstock=1&sku=649709120,3 999 ₽,4.7,19 отзывов
Конструктор LEGO Minecraft 21163 Битва за красную пыль,/product--konstruktor-lego-minecraft-21163-bitva-za-krasnuiu-pyl/663822036?nid=59749&show-uid=16172653735944692425516034&context=search&glfilter=7893318%3A3732937&onstock=1&sku=663822036,2 799 ₽,4.7,18 отзывов
Конструктор LEGO Harry Potter 75947 Хижина Хагрида: спасение Клювокрыла,/product--konstruktor-lego-harry-potter-75947-khizhina-khagrida-spasenie-kliuvokryla/453406051?nid=59749&show-uid=16172653735944692425516035&context=search&glfilter=7893318%3A3732937&onstock=1&sku=453406051,3 386 ₽,4.9,12 отзывов
Конструктор LEGO Minecraft 21170 Дом-свинья,/product--konstruktor-lego-minecraft-21170-dom-svinia/799860134?nid=59749&show-uid=16172653735944692425516036&context=search&glfilter=7893318%3A3732937&onstock=1&sku=799860134,3 099 ₽,4.8,7 отзывов
Конструктор LEGO Ninjago 70676 Механический Титан Ллойда,/product--konstruktor-lego-ninjago-70676-mekhanicheskii-titan-lloida/453406047?nid=59749&show-uid=16172653735944692425516037&context=search&glfilter=7893318%3A3732937&onstock=1&sku=453406047,5 188 ₽,4.8,21 отзыв
Конструктор LEGO DUPLO 10875 Грузовой поезд,/product--konstruktor-lego-duplo-10875-gruzovoi-poezd/82977559?nid=59749&show-uid=16172653735944692425516038&context=search&glfilter=7893318%3A3732937&onstock=1&sku=82977559,6 929 ₽,4.8,41 отзыв
Конструктор LEGO Creator 31101 Монстр-трак,/product--konstruktor-lego-creator-31101-monstr-trak/649660059?nid=59749&show-uid=16172653735944692425516039&context=search&glfilter=7893318%3A3732937&onstock=1&sku=649660059,1 299 ₽,4.7,10 отзывов
Конструктор LEGO Harry Potter 75957 Ночной рыцарь,/product--konstruktor-lego-harry-potter-75957-nochnoi-rytsar/453404034?nid=59749&show-uid=16172653735944692425516040&context=search&glfilter=7893318%3A3732937&onstock=1&sku=453404034,2 229 ₽,4.9,10 отзывов
Конструктор LEGO Technic 42124 Багги-внедорожник,/product--konstruktor-lego-technic-42124-baggi-vnedorozhnik/786710001?nid=59749&show-uid=16172653735944692425516041&context=search&glfilter=7893318%3A3732937&onstock=1&sku=786710001,7 499 ₽,4.9,9 отзывов
Конструктор LEGO Creator 10281 Бонсай,/product--konstruktor-lego-creator-10281-bonsai/830448002?nid=59749&show-uid=16172653735944692425516042&context=search&glfilter=7893318%3A3732937&onstock=1&sku=830448002,5 990 ₽,5.0,1 отзыв
Конструктор LEGO Technic 42115 Lamborghini Sian FKP 37,/product--konstruktor-lego-technic-42115-lamborghini-sian-fkp-37/664712002?nid=59749&show-uid=16172653735944692425516043&context=search&glfilter=7893318%3A3732937&onstock=1&sku=664712002,22 078 ₽,4.8,24 отзыва
Конструктор LEGO Technic 42119 Monster Jam Max-D,/product--konstruktor-lego-technic-42119-monster-jam-max-d/786707001?nid=59749&show-uid=16172653735944692425516044&context=search&glfilter=7893318%3A3732937&onstock=1&sku=786707001,1 119 ₽,5.0,14 отзывов
Конструктор LEGO Technic 42117 Гоночный самолёт,/product--konstruktor-lego-technic-42117-gonochnyi-samolet/789000003?nid=59749&show-uid=16172653735944692425516046&context=search&glfilter=7893318%3A3732937&onstock=1&sku=789000003,599 ₽,4.9,7 отзывов
Конструктор LEGO City 60139 Мобильный командный центр,/product--konstruktor-lego-city-60139-mobilnyi-komandnyi-tsentr/1716499298?nid=59749&show-uid=16172653735944692425516047&context=search&glfilter=7893318%3A3732937&onstock=1&sku=1716499298,1 899 ₽,4.7,46 отзывов
Конструктор LEGO Star Wars 75283 Бронированный штурмовой танк (AAT),/product--konstruktor-lego-star-wars-75283-bronirovannyi-shturmovoi-tank-aat/673578014?nid=59749&show-uid=16172653735944692425516048&context=search&glfilter=7893318%3A3732937&onstock=1&sku=673578014,3 399 ₽,4.8,7 отзывов
